Index,Timestamp,Spot,Put Strike,Put LTP,Put Entry,Call Strike,Call LTP,Call Entry,Sold Premium,Current Premium,PNL
0,11:04:45,22168,22000 PE,20.6,20.8,22350 CE,19.05,18.85,39.65,39.65,0.0
1,11:04:48,22169,22000 PE,20.85,20.8,22350 CE,18.65,18.85,39.65,39.5,0.15
2,11:04:51,22169,22000 PE,21.0,20.8,22350 CE,18.8,18.85,39.65,39.8,-0.15
3,11:04:55,22169,22000 PE,21.0,20.8,22350 CE,18.6,18.85,39.65,39.6,0.05
4,11:04:58,22169,22000 PE,20.85,20.8,22350 CE,19.0,18.85,39.65,39.85,-0.2
5,11:05:02,22170,22000 PE,20.9,20.8,22350 CE,19.0,18.85,39.65,39.9,-0.25
6,11:05:05,22171,22000 PE,21.05,20.8,22350 CE,19.05,18.85,39.65,40.1,-0.45
7,11:05:09,22170,22000 PE,20.8,20.8,22350 CE,18.9,18.85,39.65,39.7,-0.05
8,11:05:13,22170,22000 PE,21.0,20.8,22350 CE,18.9,18.85,39.65,39.9,-0.25
9,11:05:17,22169,22000 PE,21.3,20.8,22350 CE,18.8,18.85,39.65,40.1,-0.45
10,11:05:20,22170,22000 PE,21.25,20.8,22350 CE,18.7,18.85,39.65,39.95,-0.3
11,11:05:24,22168,22000 PE,21.35,20.8,22350 CE,18.5,18.85,39.65,39.85,-0.2
12,11:05:28,22167,22000 PE,21.3,20.8,22350 CE,18.35,18.85,39.65,39.65,0.0
13,11:05:31,22168,22000 PE,21.3,20.8,22350 CE,18.5,18.85,39.65,39.8,-0.15
14,11:05:35,22166,22000 PE,21.6,20.8,22350 CE,18.1,18.85,39.65,39.7,-0.05
15,11:05:39,22166,22000 PE,21.6,20.8,22350 CE,18.35,18.85,39.65,39.95,-0.3
16,11:05:42,22167,22000 PE,21.7,20.8,22350 CE,17.95,18.85,39.65,39.65,0.0
17,11:05:46,22165,22000 PE,21.7,20.8,22350 CE,18.05,18.85,39.65,39.75,-0.1
18,11:05:50,22165,22000 PE,21.85,20.8,22350 CE,17.9,18.85,39.65,39.75,-0.1
19,11:05:54,22165,22000 PE,21.6,20.8,22350 CE,18.05,18.85,39.65,39.65,0.0
20,11:05:57,22165,22000 PE,21.85,20.8,22350 CE,17.85,18.85,39.65,39.7,-0.05
21,11:06:01,22165,22000 PE,21.75,20.8,22350 CE,17.85,18.85,39.65,39.6,0.05
22,11:06:05,22166,22000 PE,21.75,20.8,22350 CE,17.7,18.85,39.65,39.45,0.2
23,11:06:08,22166,22000 PE,21.75,20.8,22350 CE,17.75,18.85,39.65,39.5,0.15
24,11:06:11,22167,22000 PE,21.7,20.8,22350 CE,17.85,18.85,39.65,39.55,0.1
25,11:06:15,22167,22000 PE,21.7,20.8,22350 CE,17.8,18.85,39.65,39.5,0.15
26,11:06:19,22168,22000 PE,21.7,20.8,22350 CE,18.0,18.85,39.65,39.7,-0.05
27,11:06:22,22167,22000 PE,21.8,20.8,22350 CE,17.75,18.85,39.65,39.55,0.1
28,11:06:26,22165,22000 PE,21.7,20.8,22350 CE,18.05,18.85,39.65,39.75,-0.1
29,11:06:29,22166,22000 PE,21.6,20.8,22350 CE,18.0,18.85,39.65,39.6,0.05
30,11:06:33,22167,22000 PE,21.6,20.8,22350 CE,18.15,18.85,39.65,39.75,-0.1
31,11:06:36,22167,22000 PE,21.8,20.8,22350 CE,17.95,18.85,39.65,39.75,-0.1
32,11:06:40,22168,22000 PE,21.75,20.8,22350 CE,18.1,18.85,39.65,39.85,-0.2
33,11:06:44,22166,22000 PE,21.6,20.8,22350 CE,18.0,18.85,39.65,39.6,0.05
34,11:06:47,22168,22000 PE,21.55,20.8,22350 CE,17.95,18.85,39.65,39.5,0.15
35,11:06:51,22165,22000 PE,21.65,20.8,22350 CE,18.0,18.85,39.65,39.65,0.0
36,11:06:54,22165,22000 PE,21.7,20.8,22350 CE,17.8,18.85,39.65,39.5,0.15
37,11:06:58,22166,22000 PE,21.75,20.8,22350 CE,17.8,18.85,39.65,39.55,0.1
38,11:07:01,22166,22000 PE,21.7,20.8,22350 CE,17.65,18.85,39.65,39.35,0.3
39,11:07:04,22166,22000 PE,21.6,20.8,22350 CE,17.6,18.85,39.65,39.2,0.45
40,11:07:08,22166,22000 PE,21.75,20.8,22350 CE,17.6,18.85,39.65,39.35,0.3
41,11:07:11,22166,22000 PE,21.8,20.8,22350 CE,17.25,18.85,39.65,39.05,0.6
42,11:07:14,22165,22000 PE,21.8,20.8,22350 CE,17.25,18.85,39.65,39.05,0.6
43,11:07:18,22165,22000 PE,21.8,20.8,22350 CE,17.15,18.85,39.65,38.95,0.7
44,11:07:21,22164,22000 PE,21.95,20.8,22350 CE,17.1,18.85,39.65,39.05,0.6
45,11:07:25,22162,22000 PE,21.85,20.8,22350 CE,17.3,18.85,39.65,39.15,0.5
46,11:07:29,22164,22000 PE,21.85,20.8,22350 CE,17.05,18.85,39.65,38.9,0.75
47,11:07:32,22163,22000 PE,22.0,20.8,22350 CE,17.1,18.85,39.65,39.1,0.55
48,11:07:36,22164,22000 PE,21.9,20.8,22350 CE,17.3,18.85,39.65,39.2,0.45
49,11:07:40,22163,22000 PE,21.9,20.8,22350 CE,17.05,18.85,39.65,38.95,0.7
50,11:07:43,22161,22000 PE,22.05,20.8,22350 CE,16.95,18.85,39.65,39.0,0.65
51,11:07:47,22162,22000 PE,22.05,20.8,22350 CE,16.8,18.85,39.65,38.85,0.8
52,11:07:50,22161,22000 PE,22.05,20.8,22350 CE,16.95,18.85,39.65,39.0,0.65
53,11:07:54,22162,22000 PE,22.05,20.8,22350 CE,17.45,18.85,39.65,39.5,0.15
54,11:07:57,22164,22000 PE,21.9,20.8,22350 CE,17.4,18.85,39.65,39.3,0.35
55,11:08:01,22165,22000 PE,21.75,20.8,22350 CE,17.6,18.85,39.65,39.35,0.3
56,11:08:05,22166,22000 PE,21.65,20.8,22350 CE,17.6,18.85,39.65,39.25,0.4
57,11:08:08,22165,22000 PE,21.65,20.8,22350 CE,17.6,18.85,39.65,39.25,0.4
58,11:08:12,22165,22000 PE,21.7,20.8,22350 CE,17.5,18.85,39.65,39.2,0.45
59,11:08:16,22165,22000 PE,21.65,20.8,22350 CE,17.5,18.85,39.65,39.15,0.5
60,11:08:19,22166,22000 PE,21.75,20.8,22350 CE,17.4,18.85,39.65,39.15,0.5
61,11:08:22,22166,22000 PE,21.7,20.8,22350 CE,17.5,18.85,39.65,39.2,0.45
62,11:08:26,22166,22000 PE,21.7,20.8,22350 CE,17.25,18.85,39.65,38.95,0.7
63,11:08:31,22165,22000 PE,21.85,20.8,22350 CE,17.05,18.85,39.65,38.9,0.75
64,11:08:34,22165,22000 PE,21.9,20.8,22350 CE,17.0,18.85,39.65,38.9,0.75
65,11:08:38,22163,22000 PE,21.9,20.8,22350 CE,17.0,18.85,39.65,38.9,0.75
66,11:08:41,22164,22000 PE,21.75,20.8,22350 CE,17.25,18.85,39.65,39.0,0.65
67,11:08:45,22165,22000 PE,21.9,20.8,22350 CE,17.35,18.85,39.65,39.25,0.4
68,11:08:48,22166,22000 PE,21.65,20.8,22350 CE,17.45,18.85,39.65,39.1,0.55
69,11:08:51,22164,22000 PE,21.5,20.8,22350 CE,17.5,18.85,39.65,39.0,0.65
70,11:08:55,22165,22000 PE,21.4,20.8,22350 CE,17.55,18.85,39.65,38.95,0.7
71,11:08:58,22164,22000 PE,21.7,20.8,22350 CE,17.3,18.85,39.65,39.0,0.65
72,11:09:02,22164,22000 PE,21.9,20.8,22350 CE,16.95,18.85,39.65,38.85,0.8
73,11:09:05,22164,22000 PE,22.05,20.8,22350 CE,17.25,18.85,39.65,39.3,0.35
74,11:09:10,22162,22000 PE,21.95,20.8,22350 CE,17.1,18.85,39.65,39.05,0.6
75,11:09:13,22162,22000 PE,21.9,20.8,22350 CE,17.05,18.85,39.65,38.95,0.7
76,11:09:17,22164,22000 PE,21.95,20.8,22350 CE,17.05,18.85,39.65,39.0,0.65
77,11:09:20,22163,22000 PE,21.9,20.8,22350 CE,17.0,18.85,39.65,38.9,0.75
78,11:09:24,22161,22000 PE,22.05,20.8,22350 CE,16.85,18.85,39.65,38.9,0.75
79,11:09:28,22161,22000 PE,22.15,20.8,22350 CE,16.75,18.85,39.65,38.9,0.75
80,11:09:32,22159,22000 PE,22.1,20.8,22350 CE,16.8,18.85,39.65,38.9,0.75
81,11:09:35,22160,22000 PE,22.1,20.8,22350 CE,16.6,18.85,39.65,38.7,0.95
82,11:09:39,22160,22000 PE,22.15,20.8,22350 CE,16.6,18.85,39.65,38.75,0.9
83,11:09:43,22160,22000 PE,22.0,20.8,22350 CE,16.75,18.85,39.65,38.75,0.9
84,11:09:46,22159,22000 PE,21.9,20.8,22350 CE,16.8,18.85,39.65,38.7,0.95
85,11:09:49,22159,22000 PE,22.1,20.8,22350 CE,16.7,18.85,39.65,38.8,0.85
86,11:09:53,22159,22000 PE,22.35,20.8,22350 CE,16.3,18.85,39.65,38.65,1.0
87,11:09:57,22159,22000 PE,22.15,20.8,22350 CE,16.35,18.85,39.65,38.5,1.15
88,11:10:00,22159,22000 PE,22.2,20.8,22350 CE,16.35,18.85,39.65,38.55,1.1
89,11:10:04,22160,22000 PE,22.1,20.8,22350 CE,16.35,18.85,39.65,38.45,1.2
90,11:10:08,22158,22000 PE,22.05,20.8,22350 CE,16.65,18.85,39.65,38.7,0.95
91,11:10:11,22159,22000 PE,22.05,20.8,22350 CE,16.4,18.85,39.65,38.45,1.2
92,11:10:15,22158,22000 PE,22.3,20.8,22350 CE,16.35,18.85,39.65,38.65,1.0
93,11:10:18,22156,22000 PE,22.3,20.8,22350 CE,15.8,18.85,39.65,38.1,1.55
94,11:10:22,22157,22000 PE,22.55,20.8,22350 CE,15.75,18.85,39.65,38.3,1.35
95,11:10:25,22155,22000 PE,22.4,20.8,22350 CE,15.85,18.85,39.65,38.25,1.4
96,11:10:29,22156,22000 PE,22.4,20.8,22350 CE,15.85,18.85,39.65,38.25,1.4
97,11:10:32,22156,22000 PE,22.45,20.8,22350 CE,15.65,18.85,39.65,38.1,1.55
98,11:10:35,22156,22000 PE,22.5,20.8,22350 CE,15.6,18.85,39.65,38.1,1.55
99,11:10:39,22155,22000 PE,22.8,20.8,22350 CE,15.1,18.85,39.65,37.9,1.75
100,11:10:43,22154,22000 PE,22.9,20.8,22350 CE,15.2,18.85,39.65,38.1,1.55
101,11:10:46,22156,22000 PE,22.9,20.8,22350 CE,15.1,18.85,39.65,38.0,1.65
102,11:10:51,22150,22000 PE,23.25,20.8,22300 CE,25.0,25.0,45.8,48.25,2.45
103,11:10:55,22148,22000 PE,23.35,20.8,22300 CE,25.0,25.0,45.8,48.35,2.35
104,11:10:58,22147,22000 PE,23.55,20.8,22300 CE,24.0,25.0,45.8,47.55,3.15
105,11:11:02,22147,22000 PE,23.65,20.8,22300 CE,24.7,25.0,45.8,48.35,2.35
106,11:11:05,22146,22000 PE,23.7,20.8,22300 CE,24.8,25.0,45.8,48.5,2.2
107,11:11:09,22148,22000 PE,23.1,20.8,22300 CE,25.3,25.0,45.8,48.4,2.3
108,11:11:12,22147,22000 PE,23.15,20.8,22300 CE,25.2,25.0,45.8,48.35,2.35
109,11:11:16,22144,22000 PE,23.65,20.8,22300 CE,24.65,25.0,45.8,48.3,2.4
110,11:11:19,22145,22000 PE,24.3,20.8,22300 CE,23.15,25.0,45.8,47.45,3.25
111,11:11:22,22143,22000 PE,24.35,20.8,22300 CE,23.25,25.0,45.8,47.6,3.1
112,11:11:26,22143,22000 PE,24.6,20.8,22300 CE,22.15,25.0,45.8,46.75,3.95
113,11:11:30,22144,22000 PE,24.5,20.8,22300 CE,22.6,25.0,45.8,47.1,3.6
114,11:11:33,22145,22000 PE,23.85,20.8,22300 CE,22.95,25.0,45.8,46.8,3.9
115,11:11:37,22145,22000 PE,23.85,20.8,22300 CE,22.7,25.0,45.8,46.55,4.15
116,11:11:41,22145,22000 PE,23.9,20.8,22300 CE,23.35,25.0,45.8,47.25,3.45
117,11:11:44,22146,22000 PE,24.15,20.8,22300 CE,23.35,25.0,45.8,47.5,3.2
118,11:11:47,22148,22000 PE,23.5,20.8,22300 CE,23.75,25.0,45.8,47.25,3.45
119,11:11:51,22146,22000 PE,23.7,20.8,22300 CE,23.65,25.0,45.8,47.35,3.35
120,11:11:54,22148,22000 PE,23.25,20.8,22300 CE,24.0,25.0,45.8,47.25,3.45
121,11:11:58,22147,22000 PE,23.5,20.8,22300 CE,24.1,25.0,45.8,47.6,3.1
122,11:12:01,22146,22000 PE,23.55,20.8,22300 CE,24.05,25.0,45.8,47.6,3.1
123,11:12:05,22148,22000 PE,23.55,20.8,22300 CE,24.35,25.0,45.8,47.9,2.8
124,11:12:08,22147,22000 PE,23.75,20.8,22300 CE,24.1,25.0,45.8,47.85,2.85
125,11:12:12,22149,22000 PE,23.55,20.8,22300 CE,24.45,25.0,45.8,48.0,2.7
126,11:12:15,22148,22000 PE,23.55,20.8,22300 CE,24.5,25.0,45.8,48.05,2.65
127,11:12:18,22148,22000 PE,23.55,20.8,22300 CE,24.6,25.0,45.8,48.15,2.55
128,11:12:23,22149,22000 PE,23.65,20.8,22300 CE,24.4,25.0,45.8,48.05,2.65
129,11:12:27,22147,22000 PE,23.65,20.8,22300 CE,24.25,25.0,45.8,47.9,2.8
130,11:12:31,22148,22000 PE,24.0,20.8,22300 CE,24.05,25.0,45.8,48.05,2.65
131,11:12:35,22147,22000 PE,24.0,20.8,22300 CE,24.2,25.0,45.8,48.2,2.5
132,11:12:39,22146,22000 PE,23.65,20.8,22300 CE,24.15,25.0,45.8,47.8,2.9
133,11:12:42,22146,22000 PE,23.9,20.8,22300 CE,23.9,25.0,45.8,47.8,2.9
134,11:12:45,22146,22000 PE,24.05,20.8,22300 CE,23.7,25.0,45.8,47.75,2.95
135,11:12:49,22146,22000 PE,24.1,20.8,22300 CE,24.2,25.0,45.8,48.3,2.4
136,11:12:52,22146,22000 PE,23.95,20.8,22300 CE,24.25,25.0,45.8,48.2,2.5
137,11:12:56,22147,22000 PE,23.9,20.8,22300 CE,24.3,25.0,45.8,48.2,2.5
138,11:13:00,22147,22000 PE,23.7,20.8,22300 CE,24.9,25.0,45.8,48.6,2.1
139,11:13:03,22149,22000 PE,23.6,20.8,22300 CE,24.75,25.0,45.8,48.35,2.35
140,11:13:07,22146,22000 PE,24.0,20.8,22300 CE,24.65,25.0,45.8,48.65,2.05
141,11:13:11,22146,22000 PE,23.85,20.8,22300 CE,25.0,25.0,45.8,48.85,1.85
142,11:13:15,22147,22000 PE,23.65,20.8,22300 CE,25.4,25.0,45.8,49.05,1.65
143,11:13:18,22149,22000 PE,23.75,20.8,22300 CE,25.35,25.0,45.8,49.1,1.6
144,11:13:22,22148,22000 PE,23.95,20.8,22300 CE,24.65,25.0,45.8,48.6,2.1
145,11:13:25,22148,22000 PE,24.0,20.8,22300 CE,25.35,25.0,45.8,49.35,1.35
146,11:13:29,22148,22000 PE,23.95,20.8,22300 CE,25.35,25.0,45.8,49.3,1.4
147,11:13:33,22148,22000 PE,23.9,20.8,22300 CE,25.75,25.0,45.8,49.65,1.05
148,11:13:36,22149,22000 PE,23.75,20.8,22300 CE,25.55,25.0,45.8,49.3,1.4
149,11:13:40,22149,22000 PE,23.8,20.8,22300 CE,25.9,25.0,45.8,49.7,1.0
150,11:13:44,22148,22000 PE,23.85,20.8,22300 CE,25.5,25.0,45.8,49.35,1.35
151,11:13:48,22149,22000 PE,23.85,20.8,22300 CE,25.5,25.0,45.8,49.35,1.35
152,11:13:51,22150,22000 PE,23.9,20.8,22300 CE,25.85,25.0,45.8,49.75,0.95
153,11:13:55,22150,22000 PE,23.7,20.8,22300 CE,25.8,25.0,45.8,49.5,1.2
154,11:13:58,22151,22000 PE,23.65,20.8,22300 CE,25.85,25.0,45.8,49.5,1.2
155,11:14:02,22151,22000 PE,23.3,20.8,22300 CE,26.2,25.0,45.8,49.5,1.2
156,11:14:05,22152,22000 PE,23.15,20.8,22300 CE,26.35,25.0,45.8,49.5,1.2
157,11:14:09,22151,22000 PE,23.2,20.8,22300 CE,26.45,25.0,45.8,49.65,1.05
158,11:14:13,22153,22000 PE,22.8,20.8,22300 CE,26.7,25.0,45.8,49.5,1.2
159,11:14:16,22151,22000 PE,22.75,20.8,22300 CE,26.85,25.0,45.8,49.6,1.1
160,11:14:20,22152,22000 PE,22.75,20.8,22300 CE,26.85,25.0,45.8,49.6,1.1
161,11:14:23,22152,22000 PE,22.85,20.8,22300 CE,26.7,25.0,45.8,49.55,1.15
162,11:14:26,22153,22000 PE,22.3,20.8,22300 CE,27.55,25.0,45.8,49.85,0.85
163,11:14:30,22154,22000 PE,22.4,20.8,22300 CE,28.0,25.0,45.8,50.4,0.3
164,11:14:33,22157,22000 PE,21.4,20.8,22300 CE,29.55,25.0,45.8,50.95,-0.25
165,11:14:37,22158,22000 PE,21.65,20.8,22300 CE,29.1,25.0,45.8,50.75,-0.05
166,11:14:40,22159,22000 PE,21.35,20.8,22300 CE,29.45,25.0,45.8,50.8,-0.1
167,11:14:44,22158,22000 PE,21.25,20.8,22300 CE,29.75,25.0,45.8,51.0,-0.3
168,11:14:47,22158,22000 PE,21.8,20.8,22300 CE,29.1,25.0,45.8,50.9,-0.2
169,11:14:51,22157,22000 PE,21.95,20.8,22300 CE,28.7,25.0,45.8,50.65,0.05
170,11:14:54,22157,22000 PE,21.75,20.8,22300 CE,29.1,25.0,45.8,50.85,-0.15
171,11:14:58,22156,22000 PE,21.65,20.8,22300 CE,29.5,25.0,45.8,51.15,-0.45
172,11:15:02,22157,22000 PE,21.6,20.8,22300 CE,29.2,25.0,45.8,50.8,-0.1
173,11:15:06,22156,22000 PE,21.8,20.8,22300 CE,29.5,25.0,45.8,51.3,-0.6
174,11:15:09,22157,22000 PE,21.65,20.8,22300 CE,29.4,25.0,45.8,51.05,-0.35
175,11:15:13,22158,22000 PE,21.8,20.8,22300 CE,29.5,25.0,45.8,51.3,-0.6
176,11:15:17,22158,22000 PE,21.75,20.8,22300 CE,29.5,25.0,45.8,51.25,-0.55
177,11:15:20,22158,22000 PE,21.95,20.8,22300 CE,28.8,25.0,45.8,50.75,-0.05
178,11:15:24,22158,22000 PE,21.85,20.8,22300 CE,29.3,25.0,45.8,51.15,-0.45
179,11:15:27,22157,22000 PE,21.9,20.8,22300 CE,29.2,25.0,45.8,51.1,-0.4
180,11:15:31,22157,22000 PE,21.85,20.8,22300 CE,29.35,25.0,45.8,51.2,-0.5
181,11:15:35,22156,22000 PE,22.0,20.8,22300 CE,29.2,25.0,45.8,51.2,-0.5
182,11:15:39,22156,22000 PE,22.0,20.8,22300 CE,28.8,25.0,45.8,50.8,-0.1
183,11:15:42,22157,22000 PE,22.1,20.8,22300 CE,28.2,25.0,45.8,50.3,0.4
184,11:15:46,22157,22000 PE,22.15,20.8,22300 CE,28.6,25.0,45.8,50.75,-0.05
185,11:15:49,22157,22000 PE,22.1,20.8,22300 CE,28.6,25.0,45.8,50.7,0.0
186,11:15:53,22158,22000 PE,22.1,20.8,22300 CE,28.6,25.0,45.8,50.7,0.0
187,11:15:57,22157,22000 PE,22.1,20.8,22300 CE,28.35,25.0,45.8,50.45,0.25
188,11:16:00,22158,22000 PE,21.95,20.8,22300 CE,28.85,25.0,45.8,50.8,-0.1
189,11:16:04,22159,22000 PE,21.9,20.8,22300 CE,28.9,25.0,45.8,50.8,-0.1
190,11:16:07,22158,22000 PE,21.75,20.8,22300 CE,29.4,25.0,45.8,51.15,-0.45
191,11:16:10,22160,22000 PE,21.75,20.8,22300 CE,29.3,25.0,45.8,51.05,-0.35
192,11:16:14,22160,22000 PE,21.6,20.8,22300 CE,29.7,25.0,45.8,51.3,-0.6
193,11:16:17,22160,22000 PE,21.55,20.8,22300 CE,29.9,25.0,45.8,51.45,-0.75
194,11:16:20,22162,22000 PE,21.4,20.8,22300 CE,30.05,25.0,45.8,51.45,-0.75
195,11:16:24,22163,22000 PE,21.2,20.8,22300 CE,30.35,25.0,45.8,51.55,-0.85
196,11:16:28,22164,22000 PE,21.35,20.8,22300 CE,30.0,25.0,45.8,51.35,-0.65
197,11:16:31,22163,22000 PE,21.35,20.8,22300 CE,30.15,25.0,45.8,51.5,-0.8
198,11:16:35,22163,22000 PE,21.45,20.8,22300 CE,30.25,25.0,45.8,51.7,-1.0
199,11:16:38,22163,22000 PE,21.55,20.8,22300 CE,29.95,25.0,45.8,51.5,-0.8
200,11:16:42,22164,22000 PE,21.65,20.8,22300 CE,30.05,25.0,45.8,51.7,-1.0
201,11:16:46,22162,22000 PE,21.85,20.8,22300 CE,30.0,25.0,45.8,51.85,-1.15
202,11:16:50,22163,22000 PE,21.7,20.8,22300 CE,29.95,25.0,45.8,51.65,-0.95
203,11:16:53,22164,22000 PE,21.6,20.8,22300 CE,29.95,25.0,45.8,51.55,-0.85
204,11:16:56,22164,22000 PE,21.4,20.8,22300 CE,30.35,25.0,45.8,51.75,-1.05
205,11:17:00,22165,22000 PE,21.35,20.8,22300 CE,30.5,25.0,45.8,51.85,-1.15
206,11:17:04,22166,22000 PE,21.3,20.8,22300 CE,30.5,25.0,45.8,51.8,-1.1
207,11:17:07,22168,22000 PE,21.3,20.8,22300 CE,30.75,25.0,45.8,52.05,-1.35
208,11:17:10,22168,22000 PE,21.5,20.8,22300 CE,30.2,25.0,45.8,51.7,-1.0
209,11:17:14,22166,22000 PE,21.7,20.8,22300 CE,30.05,25.0,45.8,51.75,-1.05
210,11:17:17,22167,22000 PE,21.95,20.8,22300 CE,29.7,25.0,45.8,51.65,-0.95
211,11:17:21,22166,22000 PE,21.75,20.8,22300 CE,29.7,25.0,45.8,51.45,-0.75
212,11:17:24,22165,22000 PE,22.15,20.8,22300 CE,29.0,25.0,45.8,51.15,-0.45
213,11:17:28,22165,22000 PE,21.75,20.8,22300 CE,30.0,25.0,45.8,51.75,-1.05
214,11:17:31,22165,22000 PE,21.6,20.8,22300 CE,30.45,25.0,45.8,52.05,-1.35
215,11:17:35,22165,22000 PE,21.8,20.8,22300 CE,30.1,25.0,45.8,51.9,-1.2
216,11:17:38,22166,22000 PE,21.6,20.8,22300 CE,30.3,25.0,45.8,51.9,-1.2
217,11:17:41,22166,22000 PE,21.5,20.8,22300 CE,30.35,25.0,45.8,51.85,-1.15
218,11:17:46,22166,22000 PE,21.6,20.8,22300 CE,30.15,25.0,45.8,51.75,-1.05
219,11:17:49,22165,22000 PE,21.55,20.8,22300 CE,30.2,25.0,45.8,51.75,-1.05
220,11:17:53,22166,22000 PE,21.45,20.8,22300 CE,30.3,25.0,45.8,51.75,-1.05
221,11:17:57,22166,22000 PE,21.45,20.8,22300 CE,30.4,25.0,45.8,51.85,-1.15
222,11:18:01,22167,22000 PE,21.5,20.8,22300 CE,30.25,25.0,45.8,51.75,-1.05
223,11:18:05,22166,22000 PE,21.45,20.8,22300 CE,30.05,25.0,45.8,51.5,-0.8
224,11:18:08,22166,22000 PE,21.35,20.8,22300 CE,30.15,25.0,45.8,51.5,-0.8
225,11:18:12,22167,22000 PE,21.35,20.8,22300 CE,30.3,25.0,45.8,51.65,-0.95
226,11:18:15,22167,22000 PE,21.35,20.8,22300 CE,30.1,25.0,45.8,51.45,-0.75
227,11:18:19,22168,22000 PE,21.2,20.8,22300 CE,30.1,25.0,45.8,51.3,-0.6
228,11:18:22,22168,22000 PE,21.05,20.8,22300 CE,30.75,25.0,45.8,51.8,-1.1
229,11:18:25,22168,22000 PE,21.05,20.8,22300 CE,30.5,25.0,45.8,51.55,-0.85
230,11:18:29,22167,22000 PE,21.1,20.8,22300 CE,30.85,25.0,45.8,51.95,-1.25
231,11:18:32,22168,22000 PE,21.2,20.8,22300 CE,30.65,25.0,45.8,51.85,-1.15
232,11:18:36,22168,22000 PE,21.25,20.8,22300 CE,30.95,25.0,45.8,52.2,-1.5
233,11:18:39,22169,22000 PE,21.4,20.8,22300 CE,30.4,25.0,45.8,51.8,-1.1
234,11:18:42,22168,22000 PE,21.1,20.8,22300 CE,30.8,25.0,45.8,51.9,-1.2
235,11:18:46,22168,22000 PE,21.4,20.8,22300 CE,30.3,25.0,45.8,51.7,-1.0
236,11:18:50,22168,22000 PE,21.4,20.8,22300 CE,30.6,25.0,45.8,52.0,-1.3
237,11:18:53,22168,22000 PE,21.5,20.8,22300 CE,30.45,25.0,45.8,51.95,-1.25
238,11:18:56,22167,22000 PE,21.45,20.8,22300 CE,30.4,25.0,45.8,51.85,-1.15
239,11:19:00,22167,22000 PE,21.4,20.8,22300 CE,30.35,25.0,45.8,51.75,-1.05
240,11:19:04,22169,22000 PE,21.35,20.8,22300 CE,30.5,25.0,45.8,51.85,-1.15
241,11:19:07,22168,22000 PE,21.45,20.8,22300 CE,30.3,25.0,45.8,51.75,-1.05
242,11:19:11,22168,22000 PE,21.3,20.8,22300 CE,30.5,25.0,45.8,51.8,-1.1
243,11:19:14,22167,22000 PE,21.35,20.8,22300 CE,30.55,25.0,45.8,51.9,-1.2
244,11:19:17,22168,22000 PE,21.35,20.8,22300 CE,30.65,25.0,45.8,52.0,-1.3
245,11:19:21,22168,22000 PE,21.3,20.8,22300 CE,30.7,25.0,45.8,52.0,-1.3
246,11:19:25,22168,22000 PE,21.25,20.8,22300 CE,30.5,25.0,45.8,51.75,-1.05
247,11:19:29,22166,22000 PE,21.45,20.8,22300 CE,29.85,25.0,45.8,51.3,-0.6
248,11:19:32,22167,22000 PE,21.5,20.8,22300 CE,29.7,25.0,45.8,51.2,-0.5
249,11:19:35,22168,22000 PE,21.4,20.8,22300 CE,29.95,25.0,45.8,51.35,-0.65
250,11:19:39,22167,22000 PE,21.4,20.8,22300 CE,30.0,25.0,45.8,51.4,-0.7
251,11:19:43,22168,22000 PE,21.4,20.8,22300 CE,29.85,25.0,45.8,51.25,-0.55
252,11:19:46,22168,22000 PE,21.35,20.8,22300 CE,29.9,25.0,45.8,51.25,-0.55
253,11:19:50,22168,22000 PE,21.4,20.8,22300 CE,29.8,25.0,45.8,51.2,-0.5
254,11:19:53,22168,22000 PE,21.35,20.8,22300 CE,30.0,25.0,45.8,51.35,-0.65
255,11:19:57,22168,22000 PE,21.3,20.8,22300 CE,30.25,25.0,45.8,51.55,-0.85
256,11:20:00,22168,22000 PE,21.3,20.8,22300 CE,30.2,25.0,45.8,51.5,-0.8
257,11:20:04,22169,22000 PE,21.2,20.8,22300 CE,30.35,25.0,45.8,51.55,-0.85
258,11:20:07,22169,22000 PE,21.2,20.8,22300 CE,30.2,25.0,45.8,51.4,-0.7
259,11:20:11,22169,22000 PE,21.15,20.8,22300 CE,30.3,25.0,45.8,51.45,-0.75
260,11:20:15,22168,22000 PE,21.4,20.8,22300 CE,29.9,25.0,45.8,51.3,-0.6
261,11:20:18,22168,22000 PE,21.15,20.8,22300 CE,30.0,25.0,45.8,51.15,-0.45
262,11:20:22,22167,22000 PE,21.35,20.8,22300 CE,30.0,25.0,45.8,51.35,-0.65
263,11:20:26,22169,22000 PE,21.25,20.8,22300 CE,30.2,25.0,45.8,51.45,-0.75
264,11:20:30,22169,22000 PE,21.3,20.8,22300 CE,30.05,25.0,45.8,51.35,-0.65
265,11:20:33,22169,22000 PE,21.15,20.8,22300 CE,29.9,25.0,45.8,51.05,-0.35
266,11:20:37,22168,22000 PE,21.35,20.8,22300 CE,29.85,25.0,45.8,51.2,-0.5
267,11:20:41,22167,22000 PE,21.4,20.8,22300 CE,29.55,25.0,45.8,50.95,-0.25
268,11:20:44,22167,22000 PE,21.45,20.8,22300 CE,29.6,25.0,45.8,51.05,-0.35
269,11:20:48,22165,22000 PE,21.65,20.8,22300 CE,29.05,25.0,45.8,50.7,0.0
270,11:20:52,22165,22000 PE,21.65,20.8,22300 CE,29.1,25.0,45.8,50.75,-0.05
271,11:20:55,22165,22000 PE,21.45,20.8,22300 CE,29.6,25.0,45.8,51.05,-0.35
272,11:20:58,22165,22000 PE,21.4,20.8,22300 CE,29.75,25.0,45.8,51.15,-0.45
273,11:21:02,22166,22000 PE,21.4,20.8,22300 CE,29.65,25.0,45.8,51.05,-0.35
274,11:21:05,22167,22000 PE,21.5,20.8,22300 CE,29.5,25.0,45.8,51.0,-0.3
275,11:21:09,22167,22000 PE,21.6,20.8,22300 CE,29.3,25.0,45.8,50.9,-0.2
276,11:21:13,22167,22000 PE,21.6,20.8,22300 CE,29.4,25.0,45.8,51.0,-0.3
277,11:21:17,22168,22000 PE,21.6,20.8,22300 CE,29.3,25.0,45.8,50.9,-0.2
278,11:21:20,22166,22000 PE,21.75,20.8,22300 CE,29.1,25.0,45.8,50.85,-0.15
279,11:21:23,22166,22000 PE,21.75,20.8,22300 CE,28.95,25.0,45.8,50.7,0.0
280,11:21:28,22167,22000 PE,21.75,20.8,22300 CE,29.1,25.0,45.8,50.85,-0.15
281,11:21:31,22166,22000 PE,21.6,20.8,22300 CE,29.2,25.0,45.8,50.8,-0.1
282,11:21:35,22166,22000 PE,21.5,20.8,22300 CE,29.2,25.0,45.8,50.7,0.0
283,11:21:39,22166,22000 PE,21.55,20.8,22300 CE,29.2,25.0,45.8,50.75,-0.05
284,11:21:42,22167,22000 PE,21.35,20.8,22300 CE,29.45,25.0,45.8,50.8,-0.1
285,11:21:45,22167,22000 PE,21.35,20.8,22300 CE,29.45,25.0,45.8,50.8,-0.1
286,11:21:49,22167,22000 PE,21.4,20.8,22300 CE,29.4,25.0,45.8,50.8,-0.1
287,11:21:52,22167,22000 PE,21.3,20.8,22300 CE,29.35,25.0,45.8,50.65,0.05
288,11:21:56,22167,22000 PE,21.45,20.8,22300 CE,29.15,25.0,45.8,50.6,0.1
289,11:21:59,22166,22000 PE,21.45,20.8,22300 CE,29.15,25.0,45.8,50.6,0.1
290,11:22:04,22166,22000 PE,21.45,20.8,22300 CE,29.2,25.0,45.8,50.65,0.05
291,11:22:07,22165,22000 PE,21.4,20.8,22300 CE,28.9,25.0,45.8,50.3,0.4
292,11:22:11,22166,22000 PE,21.45,20.8,22300 CE,29.05,25.0,45.8,50.5,0.2
293,11:22:15,22166,22000 PE,21.4,20.8,22300 CE,28.95,25.0,45.8,50.35,0.35
294,11:22:18,22166,22000 PE,21.35,20.8,22300 CE,29.25,25.0,45.8,50.6,0.1
295,11:22:23,22167,22000 PE,21.35,20.8,22300 CE,29.25,25.0,45.8,50.6,0.1
296,11:22:27,22167,22000 PE,21.35,20.8,22300 CE,29.4,25.0,45.8,50.75,-0.05
297,11:22:31,22167,22000 PE,21.2,20.8,22300 CE,29.55,25.0,45.8,50.75,-0.05
298,11:22:35,22167,22000 PE,21.4,20.8,22300 CE,29.35,25.0,45.8,50.75,-0.05
299,11:22:38,22167,22000 PE,21.35,20.8,22300 CE,29.25,25.0,45.8,50.6,0.1
300,11:22:41,22168,22000 PE,21.35,20.8,22300 CE,29.55,25.0,45.8,50.9,-0.2
301,11:22:45,22167,22000 PE,21.3,20.8,22300 CE,29.5,25.0,45.8,50.8,-0.1
302,11:22:48,22167,22000 PE,21.35,20.8,22300 CE,29.5,25.0,45.8,50.85,-0.15
303,11:22:52,22168,22000 PE,21.3,20.8,22300 CE,29.4,25.0,45.8,50.7,0.0
304,11:22:57,22168,22000 PE,21.35,20.8,22300 CE,29.25,25.0,45.8,50.6,0.1
305,11:23:00,22166,22000 PE,21.3,20.8,22300 CE,29.3,25.0,45.8,50.6,0.1
306,11:23:04,22168,22000 PE,21.6,20.8,22300 CE,28.8,25.0,45.8,50.4,0.3
307,11:23:08,22166,22000 PE,21.55,20.8,22300 CE,28.8,25.0,45.8,50.35,0.35
308,11:23:12,22167,22000 PE,21.5,20.8,22300 CE,29.05,25.0,45.8,50.55,0.15
309,11:23:16,22168,22000 PE,21.4,20.8,22300 CE,28.85,25.0,45.8,50.25,0.45
310,11:23:19,22168,22000 PE,21.3,20.8,22300 CE,29.2,25.0,45.8,50.5,0.2
311,11:23:23,22168,22000 PE,21.3,20.8,22300 CE,29.25,25.0,45.8,50.55,0.15
312,11:23:27,22168,22000 PE,21.15,20.8,22300 CE,29.6,25.0,45.8,50.75,-0.05
313,11:23:32,22168,22000 PE,20.95,20.8,22300 CE,29.8,25.0,45.8,50.75,-0.05
314,11:23:36,22168,22000 PE,20.9,20.8,22300 CE,29.7,25.0,45.8,50.6,0.1
315,11:23:40,22168,22000 PE,20.95,20.8,22300 CE,29.8,25.0,45.8,50.75,-0.05
316,11:23:44,22169,22000 PE,20.5,20.8,22300 CE,30.2,25.0,45.8,50.7,0.0
317,11:23:47,22168,22000 PE,20.8,20.8,22300 CE,29.9,25.0,45.8,50.7,0.0
318,11:23:51,22168,22000 PE,20.95,20.8,22300 CE,30.15,25.0,45.8,51.1,-0.4
319,11:23:55,22168,22000 PE,20.85,20.8,22300 CE,30.1,25.0,45.8,50.95,-0.25
320,11:23:58,22169,22000 PE,20.75,20.8,22300 CE,30.3,25.0,45.8,51.05,-0.35
321,11:24:02,22169,22000 PE,20.7,20.8,22300 CE,30.25,25.0,45.8,50.95,-0.25
322,11:24:07,22169,22000 PE,20.75,20.8,22300 CE,30.3,25.0,45.8,51.05,-0.35
323,11:24:11,22170,22000 PE,20.8,20.8,22300 CE,30.35,25.0,45.8,51.15,-0.45
324,11:24:15,22169,22000 PE,21.0,20.8,22300 CE,30.0,25.0,45.8,51.0,-0.3
325,11:24:19,22169,22000 PE,21.1,20.8,22300 CE,29.85,25.0,45.8,50.95,-0.25
326,11:24:22,22169,22000 PE,21.1,20.8,22300 CE,29.8,25.0,45.8,50.9,-0.2
327,11:24:26,22168,22000 PE,21.25,20.8,22300 CE,29.6,25.0,45.8,50.85,-0.15
328,11:24:29,22167,22000 PE,21.4,20.8,22300 CE,29.3,25.0,45.8,50.7,0.0
329,11:24:32,22167,22000 PE,21.45,20.8,22300 CE,29.3,25.0,45.8,50.75,-0.05
330,11:24:36,22167,22000 PE,21.45,20.8,22300 CE,29.35,25.0,45.8,50.8,-0.1
331,11:24:40,22167,22000 PE,21.45,20.8,22300 CE,29.0,25.0,45.8,50.45,0.25
332,11:24:44,22166,22000 PE,21.6,20.8,22300 CE,28.6,25.0,45.8,50.2,0.5
333,11:24:48,22167,22000 PE,21.6,20.8,22300 CE,28.45,25.0,45.8,50.05,0.65
334,11:24:52,22165,22000 PE,21.5,20.8,22300 CE,28.5,25.0,45.8,50.0,0.7
335,11:24:56,22165,22000 PE,21.45,20.8,22300 CE,28.55,25.0,45.8,50.0,0.7
336,11:24:59,22165,22000 PE,21.45,20.8,22300 CE,28.55,25.0,45.8,50.0,0.7
337,11:25:03,22164,22000 PE,21.55,20.8,22300 CE,27.75,25.0,45.8,49.3,1.4
338,11:25:07,22164,22000 PE,21.45,20.8,22300 CE,28.5,25.0,45.8,49.95,0.75
339,11:25:11,22164,22000 PE,21.4,20.8,22300 CE,28.3,25.0,45.8,49.7,1.0
340,11:25:14,22165,22000 PE,21.5,20.8,22300 CE,28.25,25.0,45.8,49.75,0.95
341,11:25:19,22166,22000 PE,21.6,20.8,22300 CE,27.9,25.0,45.8,49.5,1.2
342,11:25:23,22165,22000 PE,21.45,20.8,22300 CE,27.85,25.0,45.8,49.3,1.4
343,11:25:26,22165,22000 PE,21.55,20.8,22300 CE,27.7,25.0,45.8,49.25,1.45
344,11:25:30,22165,22000 PE,21.6,20.8,22300 CE,27.75,25.0,45.8,49.35,1.35
345,11:25:34,22165,22000 PE,21.65,20.8,22300 CE,27.25,25.0,45.8,48.9,1.8
346,11:25:37,22163,22000 PE,21.7,20.8,22300 CE,26.95,25.0,45.8,48.65,2.05
347,11:25:41,22163,22000 PE,21.8,20.8,22300 CE,27.3,25.0,45.8,49.1,1.6
348,11:25:45,22163,22000 PE,21.9,20.8,22300 CE,27.2,25.0,45.8,49.1,1.6
349,11:25:49,22162,22000 PE,21.85,20.8,22300 CE,26.8,25.0,45.8,48.65,2.05
350,11:25:52,22161,22000 PE,22.1,20.8,22300 CE,26.6,25.0,45.8,48.7,2.0
351,11:25:56,22161,22000 PE,21.9,20.8,22300 CE,26.7,25.0,45.8,48.6,2.1
352,11:25:59,22160,22000 PE,22.0,20.8,22300 CE,26.75,25.0,45.8,48.75,1.95
353,11:26:03,22161,22000 PE,22.0,20.8,22300 CE,27.15,25.0,45.8,49.15,1.55
354,11:26:07,22161,22000 PE,21.8,20.8,22300 CE,27.55,25.0,45.8,49.35,1.35
355,11:26:11,22162,22000 PE,21.7,20.8,22300 CE,27.8,25.0,45.8,49.5,1.2
356,11:26:15,22162,22000 PE,21.7,20.8,22300 CE,27.65,25.0,45.8,49.35,1.35
357,11:26:19,22164,22000 PE,21.65,20.8,22300 CE,27.9,25.0,45.8,49.55,1.15
358,11:26:23,22163,22000 PE,21.5,20.8,22300 CE,28.15,25.0,45.8,49.65,1.05
359,11:26:26,22164,22000 PE,21.45,20.8,22300 CE,28.05,25.0,45.8,49.5,1.2
360,11:26:30,22163,22000 PE,21.4,20.8,22300 CE,28.05,25.0,45.8,49.45,1.25
361,11:26:33,22163,22000 PE,21.55,20.8,22300 CE,27.5,25.0,45.8,49.05,1.65
362,11:26:36,22163,22000 PE,21.7,20.8,22300 CE,27.75,25.0,45.8,49.45,1.25
363,11:26:40,22162,22000 PE,21.75,20.8,22300 CE,27.65,25.0,45.8,49.4,1.3
364,11:26:44,22163,22000 PE,21.65,20.8,22300 CE,27.65,25.0,45.8,49.3,1.4
365,11:26:47,22162,22000 PE,21.7,20.8,22300 CE,27.8,25.0,45.8,49.5,1.2
366,11:26:50,22162,22000 PE,21.65,20.8,22300 CE,27.55,25.0,45.8,49.2,1.5
367,11:26:54,22163,22000 PE,21.75,20.8,22300 CE,27.65,25.0,45.8,49.4,1.3
368,11:26:58,22163,22000 PE,21.8,20.8,22300 CE,27.7,25.0,45.8,49.5,1.2
369,11:27:01,22162,22000 PE,21.75,20.8,22300 CE,27.95,25.0,45.8,49.7,1.0
370,11:27:05,22163,22000 PE,21.6,20.8,22300 CE,28.1,25.0,45.8,49.7,1.0
371,11:27:08,22163,22000 PE,21.6,20.8,22300 CE,28.05,25.0,45.8,49.65,1.05
372,11:27:13,22163,22000 PE,21.7,20.8,22300 CE,28.0,25.0,45.8,49.7,1.0
373,11:27:16,22162,22000 PE,21.75,20.8,22300 CE,28.0,25.0,45.8,49.75,0.95
374,11:27:20,22163,22000 PE,21.7,20.8,22300 CE,27.95,25.0,45.8,49.65,1.05
375,11:27:23,22163,22000 PE,21.6,20.8,22300 CE,28.25,25.0,45.8,49.85,0.85
376,11:27:27,22163,22000 PE,21.5,20.8,22300 CE,28.15,25.0,45.8,49.65,1.05
377,11:27:30,22165,22000 PE,21.4,20.8,22300 CE,28.45,25.0,45.8,49.85,0.85
378,11:27:34,22167,22000 PE,21.1,20.8,22300 CE,28.5,25.0,45.8,49.6,1.1
379,11:27:37,22167,22000 PE,21.1,20.8,22300 CE,28.55,25.0,45.8,49.65,1.05
380,11:27:40,22167,22000 PE,21.2,20.8,22300 CE,28.7,25.0,45.8,49.9,0.8
381,11:27:44,22168,22000 PE,21.1,20.8,22300 CE,28.85,25.0,45.8,49.95,0.75
382,11:27:47,22168,22000 PE,21.2,20.8,22300 CE,28.75,25.0,45.8,49.95,0.75
383,11:27:51,22168,22000 PE,21.0,20.8,22300 CE,29.05,25.0,45.8,50.05,0.65
384,11:27:54,22169,22000 PE,21.0,20.8,22300 CE,29.15,25.0,45.8,50.15,0.55
385,11:27:58,22167,22000 PE,21.15,20.8,22300 CE,29.15,25.0,45.8,50.3,0.4
386,11:28:01,22168,22000 PE,21.05,20.8,22300 CE,29.25,25.0,45.8,50.3,0.4
387,11:28:05,22167,22000 PE,21.25,20.8,22300 CE,29.0,25.0,45.8,50.25,0.45
388,11:28:09,22167,22000 PE,21.1,20.8,22300 CE,29.2,25.0,45.8,50.3,0.4
389,11:28:12,22168,22000 PE,21.15,20.8,22300 CE,29.05,25.0,45.8,50.2,0.5
390,11:28:15,22168,22000 PE,21.1,20.8,22300 CE,28.95,25.0,45.8,50.05,0.65
391,11:28:19,22168,22000 PE,21.1,20.8,22300 CE,29.15,25.0,45.8,50.25,0.45
392,11:28:23,22169,22000 PE,21.1,20.8,22300 CE,29.15,25.0,45.8,50.25,0.45
393,11:28:26,22169,22000 PE,21.15,20.8,22300 CE,29.25,25.0,45.8,50.4,0.3
394,11:28:29,22168,22000 PE,21.1,20.8,22300 CE,29.3,25.0,45.8,50.4,0.3
395,11:28:33,22168,22000 PE,21.05,20.8,22300 CE,29.25,25.0,45.8,50.3,0.4
396,11:28:37,22168,22000 PE,21.15,20.8,22300 CE,29.1,25.0,45.8,50.25,0.45
397,11:28:41,22168,22000 PE,21.15,20.8,22300 CE,29.1,25.0,45.8,50.25,0.45
398,11:28:45,22168,22000 PE,21.15,20.8,22300 CE,29.35,25.0,45.8,50.5,0.2
399,11:28:48,22168,22000 PE,21.15,20.8,22300 CE,29.05,25.0,45.8,50.2,0.5
400,11:28:52,22169,22000 PE,21.0,20.8,22300 CE,29.1,25.0,45.8,50.1,0.6
401,11:28:56,22168,22000 PE,21.15,20.8,22300 CE,28.75,25.0,45.8,49.9,0.8
402,11:29:00,22167,22000 PE,21.4,20.8,22300 CE,28.4,25.0,45.8,49.8,0.9
403,11:29:03,22167,22000 PE,21.5,20.8,22300 CE,28.2,25.0,45.8,49.7,1.0
404,11:29:06,22167,22000 PE,21.5,20.8,22300 CE,28.35,25.0,45.8,49.85,0.85
405,11:29:10,22166,22000 PE,21.55,20.8,22300 CE,28.35,25.0,45.8,49.9,0.8
406,11:29:13,22167,22000 PE,21.45,20.8,22300 CE,28.7,25.0,45.8,50.15,0.55
407,11:29:17,22167,22000 PE,21.4,20.8,22300 CE,28.8,25.0,45.8,50.2,0.5
408,11:29:20,22167,22000 PE,21.25,20.8,22300 CE,29.1,25.0,45.8,50.35,0.35
409,11:29:23,22168,22000 PE,21.2,20.8,22300 CE,29.1,25.0,45.8,50.3,0.4
410,11:29:27,22167,22000 PE,21.4,20.8,22300 CE,29.05,25.0,45.8,50.45,0.25
411,11:29:31,22167,22000 PE,21.4,20.8,22300 CE,28.85,25.0,45.8,50.25,0.45
412,11:29:34,22168,22000 PE,21.2,20.8,22300 CE,28.95,25.0,45.8,50.15,0.55
413,11:29:38,22168,22000 PE,21.15,20.8,22300 CE,29.15,25.0,45.8,50.3,0.4
414,11:29:41,22168,22000 PE,21.15,20.8,22300 CE,29.15,25.0,45.8,50.3,0.4
415,11:29:45,22168,22000 PE,21.1,20.8,22300 CE,29.1,25.0,45.8,50.2,0.5
416,11:29:49,22168,22000 PE,21.35,20.8,22300 CE,28.8,25.0,45.8,50.15,0.55
417,11:29:54,22167,22000 PE,21.1,20.8,22300 CE,28.7,25.0,45.8,49.8,0.9
418,11:29:58,22168,22000 PE,21.35,20.8,22300 CE,28.5,25.0,45.8,49.85,0.85
419,11:30:01,22167,22000 PE,21.4,20.8,22300 CE,28.25,25.0,45.8,49.65,1.05
420,11:30:06,22167,22000 PE,21.4,20.8,22300 CE,28.45,25.0,45.8,49.85,0.85
421,11:30:09,22167,22000 PE,21.25,20.8,22300 CE,28.5,25.0,45.8,49.75,0.95
422,11:30:13,22168,22000 PE,21.1,20.8,22300 CE,28.55,25.0,45.8,49.65,1.05
423,11:30:17,22167,22000 PE,21.25,20.8,22300 CE,28.7,25.0,45.8,49.95,0.75
424,11:30:21,22167,22000 PE,21.35,20.8,22300 CE,28.35,25.0,45.8,49.7,1.0
425,11:30:24,22166,22000 PE,21.4,20.8,22300 CE,28.3,25.0,45.8,49.7,1.0
426,11:30:28,22164,22000 PE,21.75,20.8,22300 CE,27.5,25.0,45.8,49.25,1.45
427,11:30:32,22161,22000 PE,21.8,20.8,22300 CE,27.15,25.0,45.8,48.95,1.75
428,11:30:36,22161,22000 PE,21.55,20.8,22300 CE,27.7,25.0,45.8,49.25,1.45
429,11:30:39,22160,22000 PE,21.6,20.8,22300 CE,27.75,25.0,45.8,49.35,1.35
430,11:30:43,22162,22000 PE,21.55,20.8,22300 CE,28.0,25.0,45.8,49.55,1.15
431,11:30:47,22162,22000 PE,21.6,20.8,22300 CE,27.9,25.0,45.8,49.5,1.2
432,11:30:51,22163,22000 PE,21.65,20.8,22300 CE,28.05,25.0,45.8,49.7,1.0
433,11:30:55,22163,22000 PE,21.65,20.8,22300 CE,27.75,25.0,45.8,49.4,1.3
434,11:30:59,22163,22000 PE,21.6,20.8,22300 CE,27.9,25.0,45.8,49.5,1.2
435,11:31:02,22163,22000 PE,21.65,20.8,22300 CE,27.45,25.0,45.8,49.1,1.6
436,11:31:07,22165,22000 PE,21.6,20.8,22300 CE,27.7,25.0,45.8,49.3,1.4
437,11:31:11,22165,22000 PE,21.55,20.8,22300 CE,27.65,25.0,45.8,49.2,1.5
438,11:31:15,22164,22000 PE,21.4,20.8,22300 CE,27.6,25.0,45.8,49.0,1.7
439,11:31:19,22165,22000 PE,21.55,20.8,22300 CE,27.65,25.0,45.8,49.2,1.5
440,11:31:22,22164,22000 PE,21.55,20.8,22300 CE,27.5,25.0,45.8,49.05,1.65
441,11:31:26,22165,22000 PE,21.5,20.8,22300 CE,27.6,25.0,45.8,49.1,1.6
442,11:31:29,22164,22000 PE,21.6,20.8,22300 CE,27.1,25.0,45.8,48.7,2.0
443,11:31:32,22164,22000 PE,21.6,20.8,22300 CE,27.1,25.0,45.8,48.7,2.0
444,11:31:36,22165,22000 PE,21.55,20.8,22300 CE,27.1,25.0,45.8,48.65,2.05
445,11:31:40,22164,22000 PE,21.6,20.8,22300 CE,26.85,25.0,45.8,48.45,2.25
446,11:31:44,22163,22000 PE,21.65,20.8,22300 CE,26.85,25.0,45.8,48.5,2.2
447,11:31:48,22164,22000 PE,21.6,20.8,22300 CE,26.85,25.0,45.8,48.45,2.25
448,11:31:52,22163,22000 PE,21.65,20.8,22300 CE,27.0,25.0,45.8,48.65,2.05
449,11:31:56,22164,22000 PE,21.65,20.8,22300 CE,27.0,25.0,45.8,48.65,2.05
450,11:31:59,22164,22000 PE,21.65,20.8,22300 CE,27.15,25.0,45.8,48.8,1.9
451,11:32:03,22165,22000 PE,21.7,20.8,22300 CE,27.05,25.0,45.8,48.75,1.95
452,11:32:06,22165,22000 PE,21.6,20.8,22300 CE,27.3,25.0,45.8,48.9,1.8
453,11:32:10,22166,22000 PE,21.45,20.8,22300 CE,27.2,25.0,45.8,48.65,2.05
454,11:32:13,22166,22000 PE,21.4,20.8,22300 CE,27.45,25.0,45.8,48.85,1.85
455,11:32:17,22166,22000 PE,21.45,20.8,22300 CE,27.15,25.0,45.8,48.6,2.1
456,11:32:21,22163,22000 PE,21.65,20.8,22300 CE,26.8,25.0,45.8,48.45,2.25
457,11:32:24,22163,22000 PE,21.7,20.8,22300 CE,26.5,25.0,45.8,48.2,2.5
458,11:32:28,22164,22000 PE,21.8,20.8,22300 CE,26.05,25.0,45.8,47.85,2.85
459,11:32:32,22164,22000 PE,21.75,20.8,22300 CE,26.05,25.0,45.8,47.8,2.9
460,11:32:36,22165,22000 PE,21.5,20.8,22300 CE,26.85,25.0,45.8,48.35,2.35
461,11:32:39,22165,22000 PE,21.55,20.8,22300 CE,26.75,25.0,45.8,48.3,2.4
462,11:32:42,22165,22000 PE,21.6,20.8,22300 CE,26.7,25.0,45.8,48.3,2.4
463,11:32:46,22165,22000 PE,21.7,20.8,22300 CE,26.6,25.0,45.8,48.3,2.4
464,11:32:50,22165,22000 PE,21.8,20.8,22300 CE,26.35,25.0,45.8,48.15,2.55
465,11:32:53,22164,22000 PE,21.75,20.8,22300 CE,26.2,25.0,45.8,47.95,2.75
466,11:32:56,22164,22000 PE,21.8,20.8,22300 CE,26.1,25.0,45.8,47.9,2.8
467,11:33:00,22164,22000 PE,21.9,20.8,22300 CE,26.0,25.0,45.8,47.9,2.8
468,11:33:04,22163,22000 PE,21.9,20.8,22300 CE,26.05,25.0,45.8,47.95,2.75
469,11:33:07,22163,22000 PE,21.85,20.8,22300 CE,25.85,25.0,45.8,47.7,3.0
470,11:33:11,22163,22000 PE,21.8,20.8,22300 CE,26.05,25.0,45.8,47.85,2.85
471,11:33:15,22163,22000 PE,21.95,20.8,22300 CE,25.55,25.0,45.8,47.5,3.2
472,11:33:18,22163,22000 PE,22.0,20.8,22300 CE,25.35,25.0,45.8,47.35,3.35
473,11:33:22,22162,22000 PE,21.85,20.8,22300 CE,25.9,25.0,45.8,47.75,2.95
474,11:33:25,22164,22000 PE,21.85,20.8,22300 CE,25.85,25.0,45.8,47.7,3.0
475,11:33:29,22164,22000 PE,21.85,20.8,22300 CE,26.1,25.0,45.8,47.95,2.75
476,11:33:32,22166,22000 PE,21.8,20.8,22300 CE,26.25,25.0,45.8,48.05,2.65
477,11:33:35,22164,22000 PE,21.6,20.8,22300 CE,26.45,25.0,45.8,48.05,2.65
478,11:33:39,22164,22000 PE,21.7,20.8,22300 CE,26.35,25.0,45.8,48.05,2.65
479,11:33:43,22165,22000 PE,21.7,20.8,22300 CE,26.0,25.0,45.8,47.7,3.0
480,11:33:47,22165,22000 PE,21.85,20.8,22300 CE,26.25,25.0,45.8,48.1,2.6
481,11:33:51,22165,22000 PE,21.75,20.8,22300 CE,26.1,25.0,45.8,47.85,2.85
482,11:33:54,22164,22000 PE,21.9,20.8,22300 CE,25.55,25.0,45.8,47.45,3.25
483,11:33:57,22164,22000 PE,21.95,20.8,22300 CE,25.9,25.0,45.8,47.85,2.85
484,11:34:01,22164,22000 PE,22.0,20.8,22300 CE,25.85,25.0,45.8,47.85,2.85
485,11:34:05,22165,22000 PE,21.9,20.8,22300 CE,25.7,25.0,45.8,47.6,3.1
486,11:34:08,22164,22000 PE,22.05,20.8,22300 CE,25.65,25.0,45.8,47.7,3.0
487,11:34:12,22163,22000 PE,22.0,20.8,22300 CE,25.4,25.0,45.8,47.4,3.3
488,11:34:15,22163,22000 PE,22.15,20.8,22300 CE,24.65,25.0,45.8,46.8,3.9
489,11:34:18,22161,22000 PE,21.95,20.8,22300 CE,25.3,25.0,45.8,47.25,3.45
490,11:34:22,22161,22000 PE,22.15,20.8,22300 CE,25.1,25.0,45.8,47.25,3.45
491,11:34:26,22162,22000 PE,22.15,20.8,22300 CE,25.2,25.0,45.8,47.35,3.35
492,11:34:30,22162,22000 PE,22.25,20.8,22300 CE,25.3,25.0,45.8,47.55,3.15
493,11:34:33,22162,22000 PE,22.1,20.8,22300 CE,25.2,25.0,45.8,47.3,3.4
494,11:34:37,22162,22000 PE,22.2,20.8,22300 CE,24.85,25.0,45.8,47.05,3.65
495,11:34:41,22161,22000 PE,22.25,20.8,22300 CE,24.15,25.0,45.8,46.4,4.3
496,11:34:44,22160,22000 PE,22.4,20.8,22300 CE,24.45,25.0,45.8,46.85,3.85
497,11:34:49,22161,22000 PE,22.35,20.8,22300 CE,24.3,25.0,45.8,46.65,4.05
498,11:34:52,22160,22000 PE,22.6,20.8,22300 CE,24.0,25.0,45.8,46.6,4.1
499,11:34:56,22159,22000 PE,22.45,20.8,22300 CE,24.1,25.0,45.8,46.55,4.15
500,11:34:59,22160,22000 PE,22.65,20.8,22300 CE,23.85,25.0,45.8,46.5,4.2
501,11:35:03,22160,22000 PE,22.85,20.8,22300 CE,23.7,25.0,45.8,46.55,4.15
502,11:35:07,22159,22000 PE,22.6,20.8,22300 CE,24.0,25.0,45.8,46.6,4.1
503,11:35:11,22159,22000 PE,22.9,20.8,22300 CE,23.55,25.0,45.8,46.45,4.25
504,11:35:15,22159,22000 PE,22.85,20.8,22300 CE,23.55,25.0,45.8,46.4,4.3
505,11:35:18,22160,22000 PE,22.7,20.8,22300 CE,24.1,25.0,45.8,46.8,3.9
506,11:35:22,22158,22000 PE,22.5,20.8,22300 CE,24.0,25.0,45.8,46.5,4.2
507,11:35:26,22159,22000 PE,22.7,20.8,22300 CE,23.9,25.0,45.8,46.6,4.1
508,11:35:29,22158,22000 PE,22.9,20.8,22300 CE,23.7,25.0,45.8,46.6,4.1
509,11:35:32,22159,22000 PE,23.1,20.8,22300 CE,23.0,25.0,45.8,46.1,4.6
510,11:35:36,22157,22000 PE,23.25,20.8,22300 CE,22.7,25.0,45.8,45.95,4.75
511,11:35:39,22157,22000 PE,23.3,20.8,22300 CE,22.8,25.0,45.8,46.1,4.6
512,11:35:43,22156,22000 PE,23.25,20.8,22300 CE,23.0,25.0,45.8,46.25,4.45
513,11:35:47,22157,22000 PE,23.25,20.8,22300 CE,23.1,25.0,45.8,46.35,4.35
514,11:35:51,22157,22000 PE,23.5,20.8,22300 CE,22.3,25.0,45.8,45.8,4.9
515,11:35:55,22154,22000 PE,23.5,20.8,22300 CE,22.35,25.0,45.8,45.85,4.85
516,11:35:59,22155,22000 PE,23.35,20.8,22300 CE,22.55,25.0,45.8,45.9,4.8
517,11:36:02,22155,22000 PE,23.15,20.8,22300 CE,23.0,25.0,45.8,46.15,4.55
518,11:36:06,22156,22000 PE,22.8,20.8,22300 CE,23.5,25.0,45.8,46.3,4.4
519,11:36:10,22158,22000 PE,22.85,20.8,22300 CE,23.65,25.0,45.8,46.5,4.2
520,11:36:13,22159,22000 PE,22.7,20.8,22300 CE,23.6,25.0,45.8,46.3,4.4
521,11:36:16,22159,22000 PE,22.65,20.8,22300 CE,23.7,25.0,45.8,46.35,4.35
522,11:36:20,22159,22000 PE,22.6,20.8,22300 CE,23.75,25.0,45.8,46.35,4.35
523,11:36:23,22158,22000 PE,22.6,20.8,22300 CE,24.0,25.0,45.8,46.6,4.1
524,11:36:26,22158,22000 PE,22.8,20.8,22300 CE,23.6,25.0,45.8,46.4,4.3
525,11:36:30,22159,22000 PE,22.95,20.8,22300 CE,23.55,25.0,45.8,46.5,4.2
526,11:36:34,22161,22000 PE,22.6,20.8,22300 CE,23.95,25.0,45.8,46.55,4.15
527,11:36:37,22161,22000 PE,22.6,20.8,22300 CE,24.0,25.0,45.8,46.6,4.1
528,11:36:40,22161,22000 PE,22.55,20.8,22300 CE,24.15,25.0,45.8,46.7,4.0
529,11:36:44,22162,22000 PE,22.5,20.8,22300 CE,24.2,25.0,45.8,46.7,4.0
530,11:36:47,22162,22000 PE,22.5,20.8,22300 CE,24.0,25.0,45.8,46.5,4.2
531,11:36:50,22161,22000 PE,22.6,20.8,22300 CE,23.9,25.0,45.8,46.5,4.2
532,11:36:54,22161,22000 PE,22.65,20.8,22300 CE,23.95,25.0,45.8,46.6,4.1
533,11:36:57,22162,22000 PE,22.75,20.8,22300 CE,23.95,25.0,45.8,46.7,4.0
534,11:37:01,22159,22000 PE,22.9,20.8,22300 CE,23.35,25.0,45.8,46.25,4.45
535,11:37:05,22158,22000 PE,22.8,20.8,22300 CE,23.05,25.0,45.8,45.85,4.85
536,11:37:08,22159,22000 PE,22.9,20.8,22300 CE,23.0,25.0,45.8,45.9,4.8
537,11:37:12,22159,22000 PE,23.0,20.8,22300 CE,22.75,25.0,45.8,45.75,4.95
538,11:37:16,22159,22000 PE,23.0,20.8,22300 CE,23.0,25.0,45.8,46.0,4.7
539,11:37:19,22160,22000 PE,22.7,20.8,22300 CE,23.8,25.0,45.8,46.5,4.2
540,11:37:23,22161,22000 PE,22.4,20.8,22300 CE,23.95,25.0,45.8,46.35,4.35
541,11:37:26,22162,22000 PE,22.45,20.8,22300 CE,24.05,25.0,45.8,46.5,4.2
542,11:37:30,22163,22000 PE,22.1,20.8,22300 CE,24.6,25.0,45.8,46.7,4.0
543,11:37:33,22164,22000 PE,22.0,20.8,22300 CE,24.65,25.0,45.8,46.65,4.05
544,11:37:37,22163,22000 PE,21.95,20.8,22300 CE,24.55,25.0,45.8,46.5,4.2
545,11:37:41,22164,22000 PE,22.1,20.8,22300 CE,24.35,25.0,45.8,46.45,4.25
546,11:37:45,22165,22000 PE,21.75,20.8,22300 CE,24.8,25.0,45.8,46.55,4.15
547,11:37:48,22166,22000 PE,21.7,20.8,22300 CE,24.8,25.0,45.8,46.5,4.2
548,11:37:52,22165,22000 PE,21.75,20.8,22300 CE,24.65,25.0,45.8,46.4,4.3
549,11:37:56,22165,22000 PE,21.65,20.8,22300 CE,24.85,25.0,45.8,46.5,4.2
550,11:38:00,22164,22000 PE,21.95,20.8,22300 CE,24.25,25.0,45.8,46.2,4.5
551,11:38:04,22164,22000 PE,22.1,20.8,22300 CE,24.15,25.0,45.8,46.25,4.45
552,11:38:07,22163,22000 PE,21.95,20.8,22300 CE,24.1,25.0,45.8,46.05,4.65
553,11:38:11,22164,22000 PE,21.8,20.8,22300 CE,24.6,25.0,45.8,46.4,4.3
554,11:38:15,22164,22000 PE,21.65,20.8,22300 CE,24.85,25.0,45.8,46.5,4.2
555,11:38:18,22165,22000 PE,21.9,20.8,22300 CE,24.4,25.0,45.8,46.3,4.4
556,11:38:22,22163,22000 PE,21.9,20.8,22300 CE,24.6,25.0,45.8,46.5,4.2
557,11:38:25,22165,22000 PE,21.85,20.8,22300 CE,24.7,25.0,45.8,46.55,4.15
558,11:38:29,22165,22000 PE,21.85,20.8,22300 CE,24.75,25.0,45.8,46.6,4.1
559,11:38:32,22167,22000 PE,21.7,20.8,22300 CE,25.0,25.0,45.8,46.7,4.0
560,11:38:36,22166,22000 PE,21.85,20.8,22300 CE,24.5,25.0,45.8,46.35,4.35
561,11:38:40,22166,22000 PE,21.9,20.8,22300 CE,24.65,25.0,45.8,46.55,4.15
562,11:38:43,22166,22000 PE,21.9,20.8,22300 CE,24.6,25.0,45.8,46.5,4.2
563,11:38:47,22165,22000 PE,21.95,20.8,22300 CE,24.85,25.0,45.8,46.8,3.9
564,11:38:52,22166,22000 PE,21.9,20.8,22300 CE,24.9,25.0,45.8,46.8,3.9
565,11:38:55,22166,22000 PE,21.85,20.8,22300 CE,25.2,25.0,45.8,47.05,3.65
566,11:39:00,22166,22000 PE,21.9,20.8,22300 CE,24.95,25.0,45.8,46.85,3.85
567,11:39:04,22168,22000 PE,21.65,20.8,22300 CE,25.55,25.0,45.8,47.2,3.5
568,11:39:08,22168,22000 PE,21.65,20.8,22300 CE,25.4,25.0,45.8,47.05,3.65
569,11:39:12,22168,22000 PE,21.5,20.8,22300 CE,26.0,25.0,45.8,47.5,3.2
570,11:39:16,22170,22000 PE,21.4,20.8,22300 CE,26.4,25.0,45.8,47.8,2.9
571,11:39:20,22170,22000 PE,21.3,20.8,22300 CE,26.3,25.0,45.8,47.6,3.1
572,11:39:24,22171,22000 PE,21.2,20.8,22300 CE,26.7,25.0,45.8,47.9,2.8
573,11:39:27,22170,22000 PE,21.15,20.8,22300 CE,26.75,25.0,45.8,47.9,2.8
574,11:39:32,22169,22000 PE,21.2,20.8,22300 CE,26.45,25.0,45.8,47.65,3.05
575,11:39:35,22172,22000 PE,21.05,20.8,22300 CE,27.0,25.0,45.8,48.05,2.65
576,11:39:40,22172,22000 PE,21.05,20.8,22300 CE,26.95,25.0,45.8,48.0,2.7
577,11:39:43,22172,22000 PE,21.35,20.8,22300 CE,26.7,25.0,45.8,48.05,2.65
578,11:39:47,22172,22000 PE,21.4,20.8,22300 CE,26.85,25.0,45.8,48.25,2.45
579,11:39:51,22171,22000 PE,21.35,20.8,22300 CE,26.95,25.0,45.8,48.3,2.4
580,11:39:57,22173,22000 PE,21.5,20.8,22350 CE,14.6,14.7,35.5,36.1,2.3
581,11:40:01,22172,22000 PE,21.35,20.8,22350 CE,14.85,14.7,35.5,36.2,2.2
582,11:40:04,22172,22000 PE,21.35,20.8,22350 CE,14.85,14.7,35.5,36.2,2.2
583,11:40:08,22172,22000 PE,21.4,20.8,22350 CE,14.9,14.7,35.5,36.3,2.1
584,11:40:12,22172,22000 PE,21.2,20.8,22350 CE,15.3,14.7,35.5,36.5,1.9
585,11:40:16,22173,22000 PE,21.25,20.8,22350 CE,15.3,14.7,35.5,36.55,1.85
586,11:40:20,22173,22000 PE,21.1,20.8,22350 CE,15.25,14.7,35.5,36.35,2.05
587,11:40:24,22175,22000 PE,21.2,20.8,22350 CE,15.25,14.7,35.5,36.45,1.95
588,11:40:28,22174,22000 PE,21.1,20.8,22350 CE,15.35,14.7,35.5,36.45,1.95
589,11:40:32,22174,22000 PE,21.0,20.8,22350 CE,15.4,14.7,35.5,36.4,2.0
590,11:40:36,22177,22000 PE,20.95,20.8,22350 CE,15.85,14.7,35.5,36.8,1.6
591,11:40:40,22176,22000 PE,20.9,20.8,22350 CE,15.9,14.7,35.5,36.8,1.6
592,11:40:45,22178,22000 PE,20.7,20.8,22350 CE,15.75,14.7,35.5,36.45,1.95
593,11:40:50,22179,22000 PE,21.0,20.8,22350 CE,15.75,14.7,35.5,36.75,1.65
594,11:40:54,22179,22000 PE,20.7,20.8,22350 CE,16.3,14.7,35.5,37.0,1.4
595,11:40:58,22179,22000 PE,20.8,20.8,22350 CE,16.25,14.7,35.5,37.05,1.35
596,11:41:02,22180,22000 PE,20.9,20.8,22350 CE,16.25,14.7,35.5,37.15,1.25
597,11:41:06,22180,22000 PE,21.0,20.8,22350 CE,16.0,14.7,35.5,37.0,1.4
598,11:41:10,22179,22000 PE,21.1,20.8,22350 CE,15.8,14.7,35.5,36.9,1.5
599,11:41:14,22179,22000 PE,20.95,20.8,22350 CE,15.95,14.7,35.5,36.9,1.5
600,11:41:18,22179,22000 PE,21.0,20.8,22350 CE,15.95,14.7,35.5,36.95,1.45
601,11:41:22,22178,22000 PE,21.15,20.8,22350 CE,15.6,14.7,35.5,36.75,1.65
602,11:41:26,22178,22000 PE,21.15,20.8,22350 CE,15.65,14.7,35.5,36.8,1.6
603,11:41:30,22177,22000 PE,21.3,20.8,22350 CE,15.45,14.7,35.5,36.75,1.65
604,11:41:34,22178,22000 PE,21.25,20.8,22350 CE,15.5,14.7,35.5,36.75,1.65
605,11:41:38,22176,22000 PE,21.3,20.8,22350 CE,15.35,14.7,35.5,36.65,1.75
606,11:41:42,22176,22000 PE,21.4,20.8,22350 CE,15.25,14.7,35.5,36.65,1.75
607,11:41:46,22176,22000 PE,21.35,20.8,22350 CE,15.5,14.7,35.5,36.85,1.55
608,11:41:51,22177,22000 PE,21.1,20.8,22350 CE,15.75,14.7,35.5,36.85,1.55
609,11:41:55,22179,22000 PE,21.05,20.8,22350 CE,15.75,14.7,35.5,36.8,1.6
610,11:41:59,22178,22000 PE,21.25,20.8,22350 CE,15.6,14.7,35.5,36.85,1.55
611,11:42:04,22179,22000 PE,21.1,20.8,22350 CE,15.6,14.7,35.5,36.7,1.7
612,11:42:08,22179,22000 PE,21.35,20.8,22350 CE,15.3,14.7,35.5,36.65,1.75
613,11:42:12,22178,22000 PE,21.25,20.8,22350 CE,15.55,14.7,35.5,36.8,1.6
614,11:42:17,22177,22000 PE,21.25,20.8,22350 CE,15.45,14.7,35.5,36.7,1.7
615,11:42:21,22176,22000 PE,21.35,20.8,22350 CE,15.3,14.7,35.5,36.65,1.75
616,11:42:25,22178,22000 PE,21.15,20.8,22350 CE,15.65,14.7,35.5,36.8,1.6
617,11:42:29,22178,22000 PE,21.15,20.8,22350 CE,15.5,14.7,35.5,36.65,1.75
618,11:42:33,22180,22000 PE,20.95,20.8,22350 CE,15.8,14.7,35.5,36.75,1.65
619,11:42:37,22181,22000 PE,21.0,20.8,22350 CE,15.8,14.7,35.5,36.8,1.6
620,11:42:41,22180,22000 PE,21.0,20.8,22350 CE,15.8,14.7,35.5,36.8,1.6
621,11:42:44,22180,22000 PE,21.15,20.8,22350 CE,15.75,14.7,35.5,36.9,1.5
622,11:42:48,22179,22000 PE,21.1,20.8,22350 CE,15.65,14.7,35.5,36.75,1.65
623,11:42:51,22179,22000 PE,21.25,20.8,22350 CE,15.65,14.7,35.5,36.9,1.5
624,11:42:54,22179,22000 PE,21.2,20.8,22350 CE,15.7,14.7,35.5,36.9,1.5
625,11:42:59,22179,22000 PE,21.3,20.8,22350 CE,15.35,14.7,35.5,36.65,1.75
626,11:43:02,22179,22000 PE,21.1,20.8,22350 CE,15.5,14.7,35.5,36.6,1.8
627,11:43:06,22178,22000 PE,21.25,20.8,22350 CE,15.45,14.7,35.5,36.7,1.7
628,11:43:09,22176,22000 PE,21.5,20.8,22350 CE,15.25,14.7,35.5,36.75,1.65
629,11:43:13,22177,22000 PE,21.45,20.8,22350 CE,14.75,14.7,35.5,36.2,2.2
630,11:43:17,22176,22000 PE,21.5,20.8,22350 CE,14.8,14.7,35.5,36.3,2.1
631,11:43:20,22176,22000 PE,21.45,20.8,22350 CE,14.95,14.7,35.5,36.4,2.0
632,11:43:24,22175,22000 PE,21.6,20.8,22350 CE,14.9,14.7,35.5,36.5,1.9
633,11:43:27,22174,22000 PE,21.55,20.8,22350 CE,14.9,14.7,35.5,36.45,1.95
634,11:43:31,22174,22000 PE,21.7,20.8,22350 CE,14.75,14.7,35.5,36.45,1.95
635,11:43:34,22176,22000 PE,21.65,20.8,22350 CE,14.8,14.7,35.5,36.45,1.95
636,11:43:38,22176,22000 PE,21.55,20.8,22350 CE,14.95,14.7,35.5,36.5,1.9
637,11:43:41,22174,22000 PE,21.75,20.8,22350 CE,14.75,14.7,35.5,36.5,1.9
638,11:43:45,22175,22000 PE,21.7,20.8,22350 CE,14.85,14.7,35.5,36.55,1.85
639,11:43:49,22175,22000 PE,21.4,20.8,22350 CE,14.95,14.7,35.5,36.35,2.05
640,11:43:53,22176,22000 PE,21.5,20.8,22350 CE,14.75,14.7,35.5,36.25,2.15
641,11:43:56,22174,22000 PE,21.5,20.8,22350 CE,14.55,14.7,35.5,36.05,2.35
642,11:44:01,22174,22000 PE,21.55,20.8,22350 CE,14.4,14.7,35.5,35.95,2.45
643,11:44:04,22175,22000 PE,21.55,20.8,22350 CE,14.1,14.7,35.5,35.65,2.75
644,11:44:08,22174,22000 PE,21.4,20.8,22350 CE,14.25,14.7,35.5,35.65,2.75
645,11:44:11,22174,22000 PE,21.25,20.8,22350 CE,14.45,14.7,35.5,35.7,2.7
646,11:44:15,22176,22000 PE,21.5,20.8,22350 CE,14.2,14.7,35.5,35.7,2.7
647,11:44:18,22175,22000 PE,21.45,20.8,22350 CE,14.25,14.7,35.5,35.7,2.7
648,11:44:21,22173,22000 PE,21.6,20.8,22350 CE,14.05,14.7,35.5,35.65,2.75
649,11:44:25,22173,22000 PE,21.65,20.8,22350 CE,13.7,14.7,35.5,35.35,3.05
650,11:44:29,22170,22000 PE,21.65,20.8,22350 CE,13.95,14.7,35.5,35.6,2.8
651,11:44:33,22172,22000 PE,21.6,20.8,22350 CE,14.0,14.7,35.5,35.6,2.8
652,11:44:37,22171,22000 PE,21.45,20.8,22350 CE,14.1,14.7,35.5,35.55,2.85
653,11:44:40,22172,22000 PE,21.55,20.8,22350 CE,14.1,14.7,35.5,35.65,2.75
654,11:44:44,22172,22000 PE,21.45,20.8,22350 CE,14.0,14.7,35.5,35.45,2.95
655,11:44:47,22172,22000 PE,21.5,20.8,22350 CE,13.9,14.7,35.5,35.4,3.0
656,11:44:51,22172,22000 PE,21.6,20.8,22350 CE,13.8,14.7,35.5,35.4,3.0
657,11:44:54,22171,22000 PE,21.55,20.8,22350 CE,13.8,14.7,35.5,35.35,3.05
658,11:44:58,22171,22000 PE,21.55,20.8,22350 CE,13.85,14.7,35.5,35.4,3.0
659,11:45:01,22170,22000 PE,21.45,20.8,22350 CE,13.9,14.7,35.5,35.35,3.05
660,11:45:04,22170,22000 PE,21.55,20.8,22350 CE,14.0,14.7,35.5,35.55,2.85
661,11:45:08,22172,22000 PE,21.5,20.8,22350 CE,14.0,14.7,35.5,35.5,2.9
662,11:45:12,22172,22000 PE,21.65,20.8,22350 CE,13.75,14.7,35.5,35.4,3.0
663,11:45:15,22172,22000 PE,21.6,20.8,22350 CE,13.9,14.7,35.5,35.5,2.9
664,11:45:18,22172,22000 PE,21.5,20.8,22350 CE,14.1,14.7,35.5,35.6,2.8
665,11:45:22,22172,22000 PE,21.65,20.8,22350 CE,13.65,14.7,35.5,35.3,3.1
666,11:45:25,22172,22000 PE,21.6,20.8,22350 CE,13.8,14.7,35.5,35.4,3.0
667,11:45:29,22171,22000 PE,21.5,20.8,22350 CE,13.65,14.7,35.5,35.15,3.25
668,11:45:32,22173,22000 PE,21.5,20.8,22350 CE,13.95,14.7,35.5,35.45,2.95
669,11:45:35,22171,22000 PE,21.45,20.8,22350 CE,14.05,14.7,35.5,35.5,2.9
670,11:45:39,22171,22000 PE,21.5,20.8,22350 CE,13.85,14.7,35.5,35.35,3.05
671,11:45:42,22172,22000 PE,21.55,20.8,22350 CE,13.7,14.7,35.5,35.25,3.15
672,11:45:46,22172,22000 PE,21.55,20.8,22350 CE,13.75,14.7,35.5,35.3,3.1
673,11:45:49,22172,22000 PE,21.55,20.8,22350 CE,13.7,14.7,35.5,35.25,3.15
674,11:45:53,22172,22000 PE,21.25,20.8,22350 CE,13.95,14.7,35.5,35.2,3.2
675,11:45:57,22171,22000 PE,21.45,20.8,22350 CE,13.7,14.7,35.5,35.15,3.25
676,11:46:00,22173,22000 PE,21.4,20.8,22350 CE,13.85,14.7,35.5,35.25,3.15
677,11:46:04,22174,22000 PE,21.45,20.8,22350 CE,13.85,14.7,35.5,35.3,3.1
678,11:46:08,22173,22000 PE,21.3,20.8,22350 CE,14.25,14.7,35.5,35.55,2.85
679,11:46:11,22174,22000 PE,21.2,20.8,22350 CE,14.3,14.7,35.5,35.5,2.9
680,11:46:14,22175,22000 PE,21.15,20.8,22350 CE,14.15,14.7,35.5,35.3,3.1
681,11:46:18,22175,22000 PE,21.25,20.8,22350 CE,14.15,14.7,35.5,35.4,3.0
682,11:46:22,22175,22000 PE,21.25,20.8,22350 CE,14.35,14.7,35.5,35.6,2.8
683,11:46:27,22175,22000 PE,21.25,20.8,22350 CE,14.1,14.7,35.5,35.35,3.05
684,11:46:30,22174,22000 PE,21.2,20.8,22350 CE,14.5,14.7,35.5,35.7,2.7
685,11:46:34,22176,22000 PE,21.2,20.8,22350 CE,14.6,14.7,35.5,35.8,2.6
686,11:46:37,22176,22000 PE,21.2,20.8,22350 CE,14.3,14.7,35.5,35.5,2.9
687,11:46:40,22174,22000 PE,21.45,20.8,22350 CE,14.15,14.7,35.5,35.6,2.8
688,11:46:44,22174,22000 PE,21.5,20.8,22350 CE,14.1,14.7,35.5,35.6,2.8
689,11:46:47,22173,22000 PE,21.7,20.8,22350 CE,13.55,14.7,35.5,35.25,3.15
690,11:46:51,22171,22000 PE,21.85,20.8,22350 CE,13.65,14.7,35.5,35.5,2.9
691,11:46:55,22172,22000 PE,21.85,20.8,22350 CE,13.55,14.7,35.5,35.4,3.0
692,11:46:58,22170,22000 PE,22.0,20.8,22350 CE,13.2,14.7,35.5,35.2,3.2
693,11:47:02,22168,22000 PE,21.85,20.8,22350 CE,13.4,14.7,35.5,35.25,3.15
694,11:47:06,22169,22000 PE,21.7,20.8,22350 CE,13.4,14.7,35.5,35.1,3.3
695,11:47:09,22169,22000 PE,21.25,20.8,22350 CE,13.5,14.7,35.5,34.75,3.65
696,11:47:12,22169,22000 PE,21.65,20.8,22350 CE,13.5,14.7,35.5,35.15,3.25
697,11:47:16,22170,22000 PE,21.45,20.8,22350 CE,13.6,14.7,35.5,35.05,3.35
698,11:47:19,22170,22000 PE,21.2,20.8,22350 CE,13.9,14.7,35.5,35.1,3.3
699,11:47:23,22170,22000 PE,21.15,20.8,22350 CE,14.05,14.7,35.5,35.2,3.2
700,11:47:26,22172,22000 PE,21.2,20.8,22350 CE,14.05,14.7,35.5,35.25,3.15
701,11:47:30,22173,22000 PE,21.05,20.8,22350 CE,14.25,14.7,35.5,35.3,3.1
702,11:47:33,22174,22000 PE,20.8,20.8,22350 CE,14.15,14.7,35.5,34.95,3.45
703,11:47:37,22174,22000 PE,20.7,20.8,22350 CE,14.3,14.7,35.5,35.0,3.4
704,11:47:41,22174,22000 PE,20.85,20.8,22350 CE,14.3,14.7,35.5,35.15,3.25
705,11:47:44,22174,22000 PE,20.95,20.8,22350 CE,14.15,14.7,35.5,35.1,3.3
706,11:47:48,22175,22000 PE,20.8,20.8,22350 CE,14.45,14.7,35.5,35.25,3.15
707,11:47:52,22173,22000 PE,20.95,20.8,22350 CE,14.25,14.7,35.5,35.2,3.2
708,11:47:55,22176,22000 PE,20.9,20.8,22350 CE,14.25,14.7,35.5,35.15,3.25
709,11:47:59,22175,22000 PE,20.9,20.8,22350 CE,14.45,14.7,35.5,35.35,3.05
710,11:48:03,22177,22000 PE,20.9,20.8,22350 CE,14.35,14.7,35.5,35.25,3.15
711,11:48:06,22176,22000 PE,20.65,20.8,22350 CE,14.45,14.7,35.5,35.1,3.3
712,11:48:10,22177,22000 PE,20.6,20.8,22350 CE,14.45,14.7,35.5,35.05,3.35
713,11:48:13,22178,22000 PE,20.7,20.8,22350 CE,14.5,14.7,35.5,35.2,3.2
714,11:48:17,22178,22000 PE,20.65,20.8,22350 CE,14.55,14.7,35.5,35.2,3.2
715,11:48:21,22178,22000 PE,20.65,20.8,22350 CE,14.75,14.7,35.5,35.4,3.0
716,11:48:24,22178,22000 PE,20.7,20.8,22350 CE,14.6,14.7,35.5,35.3,3.1
717,11:48:28,22178,22000 PE,20.7,20.8,22350 CE,14.5,14.7,35.5,35.2,3.2
718,11:48:31,22176,22000 PE,20.75,20.8,22350 CE,14.55,14.7,35.5,35.3,3.1
719,11:48:35,22175,22000 PE,20.9,20.8,22350 CE,14.3,14.7,35.5,35.2,3.2
720,11:48:38,22176,22000 PE,20.8,20.8,22350 CE,14.4,14.7,35.5,35.2,3.2
721,11:48:42,22176,22000 PE,21.05,20.8,22350 CE,14.05,14.7,35.5,35.1,3.3
722,11:48:46,22176,22000 PE,21.1,20.8,22350 CE,14.0,14.7,35.5,35.1,3.3
723,11:48:49,22177,22000 PE,21.1,20.8,22350 CE,14.0,14.7,35.5,35.1,3.3
724,11:48:53,22178,22000 PE,21.1,20.8,22350 CE,14.15,14.7,35.5,35.25,3.15
725,11:48:56,22176,22000 PE,21.1,20.8,22350 CE,14.15,14.7,35.5,35.25,3.15
726,11:49:00,22175,22000 PE,21.15,20.8,22350 CE,14.1,14.7,35.5,35.25,3.15
727,11:49:03,22176,22000 PE,20.9,20.8,22350 CE,14.35,14.7,35.5,35.25,3.15
728,11:49:07,22177,22000 PE,20.9,20.8,22350 CE,14.3,14.7,35.5,35.2,3.2
729,11:49:11,22177,22000 PE,21.05,20.8,22350 CE,14.4,14.7,35.5,35.45,2.95
730,11:49:14,22177,22000 PE,21.05,20.8,22350 CE,14.35,14.7,35.5,35.4,3.0
731,11:49:17,22177,22000 PE,21.2,20.8,22350 CE,14.25,14.7,35.5,35.45,2.95
732,11:49:21,22176,22000 PE,21.4,20.8,22350 CE,14.05,14.7,35.5,35.45,2.95
733,11:49:25,22176,22000 PE,21.5,20.8,22350 CE,14.0,14.7,35.5,35.5,2.9
734,11:49:28,22176,22000 PE,21.25,20.8,22350 CE,13.95,14.7,35.5,35.2,3.2
735,11:49:32,22175,22000 PE,21.4,20.8,22350 CE,13.95,14.7,35.5,35.35,3.05
736,11:49:36,22177,22000 PE,21.3,20.8,22350 CE,13.95,14.7,35.5,35.25,3.15
737,11:49:39,22176,22000 PE,21.4,20.8,22350 CE,14.0,14.7,35.5,35.4,3.0
738,11:49:43,22176,22000 PE,21.2,20.8,22350 CE,14.15,14.7,35.5,35.35,3.05
739,11:49:47,22175,22000 PE,21.15,20.8,22350 CE,14.2,14.7,35.5,35.35,3.05
740,11:49:50,22177,22000 PE,21.1,20.8,22350 CE,14.25,14.7,35.5,35.35,3.05
741,11:49:54,22178,22000 PE,21.1,20.8,22350 CE,14.25,14.7,35.5,35.35,3.05
742,11:49:57,22177,22000 PE,21.1,20.8,22350 CE,14.25,14.7,35.5,35.35,3.05
743,11:50:01,22178,22000 PE,21.0,20.8,22350 CE,14.35,14.7,35.5,35.35,3.05
744,11:50:04,22177,22000 PE,21.1,20.8,22350 CE,14.25,14.7,35.5,35.35,3.05
745,11:50:08,22177,22000 PE,21.3,20.8,22350 CE,13.9,14.7,35.5,35.2,3.2
746,11:50:11,22176,22000 PE,21.4,20.8,22350 CE,13.9,14.7,35.5,35.3,3.1
747,11:50:14,22175,22000 PE,21.4,20.8,22350 CE,13.9,14.7,35.5,35.3,3.1
748,11:50:18,22175,22000 PE,21.5,20.8,22350 CE,13.9,14.7,35.5,35.4,3.0
749,11:50:21,22176,22000 PE,21.4,20.8,22350 CE,13.85,14.7,35.5,35.25,3.15
750,11:50:24,22175,22000 PE,21.45,20.8,22350 CE,13.7,14.7,35.5,35.15,3.25
751,11:50:29,22174,22000 PE,21.5,20.8,22350 CE,13.7,14.7,35.5,35.2,3.2
752,11:50:33,22174,22000 PE,21.45,20.8,22350 CE,13.8,14.7,35.5,35.25,3.15
753,11:50:37,22174,22000 PE,21.3,20.8,22350 CE,13.8,14.7,35.5,35.1,3.3
754,11:50:41,22174,22000 PE,21.2,20.8,22350 CE,13.95,14.7,35.5,35.15,3.25
755,11:50:44,22176,22000 PE,21.25,20.8,22350 CE,13.9,14.7,35.5,35.15,3.25
756,11:50:48,22174,22000 PE,21.3,20.8,22350 CE,13.75,14.7,35.5,35.05,3.35
757,11:50:52,22174,22000 PE,21.35,20.8,22350 CE,13.8,14.7,35.5,35.15,3.25
758,11:50:56,22176,22000 PE,21.15,20.8,22350 CE,13.95,14.7,35.5,35.1,3.3
759,11:51:00,22175,22000 PE,21.1,20.8,22350 CE,14.1,14.7,35.5,35.2,3.2
760,11:51:03,22176,22000 PE,21.2,20.8,22350 CE,13.85,14.7,35.5,35.05,3.35
761,11:51:07,22175,22000 PE,21.1,20.8,22350 CE,13.85,14.7,35.5,34.95,3.45
762,11:51:11,22175,22000 PE,21.3,20.8,22350 CE,13.75,14.7,35.5,35.05,3.35
763,11:51:14,22176,22000 PE,21.35,20.8,22350 CE,13.65,14.7,35.5,35.0,3.4
764,11:51:18,22177,22000 PE,21.2,20.8,22350 CE,13.95,14.7,35.5,35.15,3.25
765,11:51:21,22175,22000 PE,21.2,20.8,22350 CE,13.95,14.7,35.5,35.15,3.25
766,11:51:25,22177,22000 PE,21.0,20.8,22350 CE,14.0,14.7,35.5,35.0,3.4
767,11:51:28,22177,22000 PE,21.1,20.8,22350 CE,13.95,14.7,35.5,35.05,3.35
768,11:51:32,22178,22000 PE,21.1,20.8,22350 CE,14.15,14.7,35.5,35.25,3.15
769,11:51:36,22177,22000 PE,20.9,20.8,22350 CE,14.05,14.7,35.5,34.95,3.45
770,11:51:39,22179,22000 PE,20.85,20.8,22350 CE,14.1,14.7,35.5,34.95,3.45
771,11:51:43,22180,22000 PE,20.85,20.8,22350 CE,14.2,14.7,35.5,35.05,3.35
772,11:51:47,22179,22000 PE,20.65,20.8,22350 CE,14.25,14.7,35.5,34.9,3.5
773,11:51:50,22180,22000 PE,20.7,20.8,22350 CE,14.3,14.7,35.5,35.0,3.4
774,11:51:54,22181,22000 PE,20.7,20.8,22350 CE,14.3,14.7,35.5,35.0,3.4
775,11:51:57,22179,22000 PE,20.75,20.8,22350 CE,14.35,14.7,35.5,35.1,3.3
776,11:52:01,22179,22000 PE,20.7,20.8,22350 CE,14.25,14.7,35.5,34.95,3.45
777,11:52:04,22179,22000 PE,20.75,20.8,22350 CE,14.3,14.7,35.5,35.05,3.35
778,11:52:07,22178,22000 PE,20.8,20.8,22350 CE,14.15,14.7,35.5,34.95,3.45
779,11:52:11,22179,22000 PE,20.85,20.8,22350 CE,14.1,14.7,35.5,34.95,3.45
780,11:52:14,22179,22000 PE,20.9,20.8,22350 CE,14.15,14.7,35.5,35.05,3.35
781,11:52:18,22180,22000 PE,20.85,20.8,22350 CE,14.0,14.7,35.5,34.85,3.55
782,11:52:21,22180,22000 PE,20.85,20.8,22350 CE,14.05,14.7,35.5,34.9,3.5
783,11:52:25,22180,22000 PE,20.9,20.8,22350 CE,13.95,14.7,35.5,34.85,3.55
784,11:52:29,22178,22000 PE,20.9,20.8,22350 CE,14.0,14.7,35.5,34.9,3.5
785,11:52:33,22180,22000 PE,20.8,20.8,22350 CE,14.25,14.7,35.5,35.05,3.35
786,11:52:36,22179,22000 PE,20.85,20.8,22350 CE,14.15,14.7,35.5,35.0,3.4
787,11:52:40,22179,22000 PE,20.85,20.8,22350 CE,14.15,14.7,35.5,35.0,3.4
788,11:52:43,22179,22000 PE,20.95,20.8,22350 CE,14.15,14.7,35.5,35.1,3.3
789,11:52:47,22179,22000 PE,20.9,20.8,22350 CE,14.15,14.7,35.5,35.05,3.35
790,11:52:51,22179,22000 PE,20.9,20.8,22350 CE,14.2,14.7,35.5,35.1,3.3
791,11:52:54,22179,22000 PE,20.9,20.8,22350 CE,14.05,14.7,35.5,34.95,3.45
792,11:52:58,22179,22000 PE,20.95,20.8,22350 CE,14.0,14.7,35.5,34.95,3.45
793,11:53:01,22178,22000 PE,20.95,20.8,22350 CE,14.0,14.7,35.5,34.95,3.45
794,11:53:05,22178,22000 PE,20.9,20.8,22350 CE,14.0,14.7,35.5,34.9,3.5
795,11:53:09,22179,22000 PE,21.05,20.8,22350 CE,13.75,14.7,35.5,34.8,3.6
796,11:53:13,22180,22000 PE,20.95,20.8,22350 CE,14.0,14.7,35.5,34.95,3.45
797,11:53:16,22178,22000 PE,20.95,20.8,22350 CE,14.1,14.7,35.5,35.05,3.35
798,11:53:20,22179,22000 PE,21.15,20.8,22350 CE,14.0,14.7,35.5,35.15,3.25
799,11:53:23,22179,22000 PE,20.9,20.8,22350 CE,14.05,14.7,35.5,34.95,3.45
800,11:53:27,22179,22000 PE,20.9,20.8,22350 CE,14.15,14.7,35.5,35.05,3.35
801,11:53:31,22180,22000 PE,20.8,20.8,22350 CE,14.1,14.7,35.5,34.9,3.5
802,11:53:35,22180,22000 PE,20.8,20.8,22350 CE,14.15,14.7,35.5,34.95,3.45
803,11:53:38,22179,22000 PE,20.85,20.8,22350 CE,14.0,14.7,35.5,34.85,3.55
804,11:53:42,22179,22000 PE,20.6,20.8,22350 CE,14.1,14.7,35.5,34.7,3.7
805,11:53:45,22181,22000 PE,20.65,20.8,22350 CE,14.2,14.7,35.5,34.85,3.55
806,11:53:49,22181,22000 PE,20.5,20.8,22350 CE,14.25,14.7,35.5,34.75,3.65
807,11:53:53,22182,22000 PE,20.45,20.8,22350 CE,14.45,14.7,35.5,34.9,3.5
808,11:53:56,22180,22000 PE,20.55,20.8,22350 CE,14.45,14.7,35.5,35.0,3.4
